### 分区类型

#### `range`常规操作

```mysql
-- 创建表
create table t_part_range
(
    id int,
    name varchar(10)
)
partition by range (id)
(
    partition p1 values less than (100),
    partition p2 values less than (200),
    partition p3 values less than (300)
);

-- 查看分区裁剪
insert into t_part_range 
 value(1,'a'),(101,'b'),(201,'c');

mysql> explain select * from t_part_range where id in(1,101);
+----+-------------+--------------+------------+------+---------------+------+---------+------+------+----------+-------------+
| id | select_type | table        | partitions | type | possible_keys | key  | key_len | ref  | rows | filtered | Extra       |
+----+-------------+--------------+------------+------+---------------+------+---------+------+------+----------+-------------+
|  1 | SIMPLE      | t_part_range | p1,p2      | ALL  | NULL          | NULL | NULL    | NULL |    3 |    50.00 | Using where |
+----+-------------+--------------+------------+------+---------------+------+---------+------+------+----------+-------------+
1 row in set, 1 warning (0.00 sec)
            
-- 忽略行
mysql> insert ignore into t_part_range values(500,'d');
Query OK, 0 rows affected, 1 warning (0.00 sec)

mysql> show warnings ;
+---------+------+--------------------------------------+
| Level   | Code | Message                              |
+---------+------+--------------------------------------+
| Warning | 1526 | Table has no partition for value 500 |
+---------+------+--------------------------------------+
1 row in set (0.00 sec)
             
-- 直接查询分区数据
select * from t_part_range partition(p1);

-- 添加分区
alter table t_part_range add partition (partition p4 values less than (400));
alter table t_part_range add partition (partition p_max values less than (maxvalue));

-- 删除 分区
alter table t_part_range drop partition p4;

-- truncate 分区
alter table t_part_range truncate partition p4;

-- exchange 分区
mysql> select * from t1;
+------+------+
| id   | name |
+------+------+
|  350 | d    |
+------+------+
1 row in set (0.00 sec)

mysql> select * from t_part_range partition(p4);
Empty set (0.00 sec)

mysql> alter table t_part_range exchange partition p4 with table t1 with validation;
Query OK, 0 rows affected (0.20 sec)

mysql> select * from t_part_range partition(p4);
+------+------+
| id   | name |
+------+------+
|  350 | d    |
+------+------+
1 row in set (0.00 sec)

mysql> select * from t1;
Empty set (0.00 sec)
    
-- split 分区不支持
-- reorganize partition 类似于 split partition
mysql> select partition_name,
    ->        partition_ordinal_position,
    ->        partition_description
    ->   from information_schema.partitions
    ->  where table_name='t_part_range';
+----------------+----------------------------+-----------------------+
| PARTITION_NAME | PARTITION_ORDINAL_POSITION | PARTITION_DESCRIPTION |
+----------------+----------------------------+-----------------------+
| p3             |                          3 | 300                   |
| p2             |                          2 | 200                   |
| p1             |                          1 | 100                   |
+----------------+----------------------------+-----------------------+
3 rows in set (0.01 sec)
              
mysql> select * from t_part_range partition (p3);
+------+------+
| id   | name |
+------+------+
|  210 | a    |
|  260 | b    |
+------+------+
2 rows in set (0.00 sec)
              
mysql> alter table t_part_range reorganize partition p3 into
    -> (
    ->     partition p3_1 values less than (250),
    ->     partition p3_2 values less than (300)
    -> );
Query OK, 0 rows affected (1.70 sec)
Records: 0  Duplicates: 0  Warnings: 0
            
mysql> select partition_name,
    ->        partition_ordinal_position,
    ->        partition_description
    ->   from information_schema.partitions
    ->  where table_name='t_part_range';
+----------------+----------------------------+-----------------------+
| PARTITION_NAME | PARTITION_ORDINAL_POSITION | PARTITION_DESCRIPTION |
+----------------+----------------------------+-----------------------+
| p3_2           |                          4 | 300                   |
| p3_1           |                          3 | 250                   |
| p2             |                          2 | 200                   |
| p1             |                          1 | 100                   |
+----------------+----------------------------+-----------------------+

mysql> select * from t_part_range partition (p3_1);
+------+------+
| id   | name |
+------+------+
|  210 | a    |
+------+------+
1 row in set (0.00 sec)

mysql> select * from t_part_range partition (p3_2);
+------+------+
| id   | name |
+------+------+
|  260 | b    |
+------+------+
1 row in set (0.00 sec)
             

-- 查看分区信息
select partition_name,
       partition_ordinal_position,
       partition_description
from information_schema.partitions
where table_name='t_part_range';
```

#### `range`特殊情况操作

[官方文档](https://dev.mysql.com/doc/refman/8.4/en/partitioning-range.html)

```mysql
-- 基于时间列分区
-- 直接基于时间分区是不行的，
-- 原因是 In MySQL 8.4, any other expressions involving TIMESTAMP values are not permitted. (See Bug #42849.)
create table t_part_range_ts
(
    id          int,
    name        varchar(10),
    created_at  timestamp not null default current_timestamp
)
partition by range(unix_timestamp(created_at))
(
    partition p1 values less than (unix_timestamp('2021-01-01 00:00:00')),
    partition p2 values less than (unix_timestamp('2021-02-01 00:00:00'))
);

create table t_part_range_ts_2
(
    id          int,
    name        varchar(10),
    created_at  datetime not null default current_timestamp
)
partition by range columns(created_at)
(
    partition p1 values less than ('2021-01-01 00:00:00'),
    partition p2 values less than ('2021-02-01 00:00:00')
);


mysql> create table t_part_range_ts
    -> (
    ->     id          int,
    ->     name        varchar(10),
    ->     created_at  timestamp not null default current_timestamp
    -> )
    -> partition by range(created_at)
    -> (
    ->     partition p1 values less than ('2021-01-01 00:00:00'),
    ->     partition p2 values less than ('2021-02-01 00:00:00')
    -> );
ERROR 1697 (HY000): VALUES value for partition 'p1' must have type INT

-- 解决方法一，用函数列，unix_timestamp
-- 虽然分区列用了函数，但是直接查还是能走“分区裁剪”的
mysql> create table t_part_range_ts
    -> (
           ->     id          int,
           ->     name        varchar(10),
           ->     created_at  timestamp not null default current_timestamp
           -> )
       -> partition by range(unix_timestamp(created_at))
    -> (
    ->     partition p1 values less than (unix_timestamp('2021-01-01 00:00:00')),
    ->     partition p2 values less than (unix_timestamp('2021-02-01 00:00:00'))
    -> );
Query OK, 0 rows affected (1.37 sec)

mysql> explain select * from t_part_range_ts where created_at = '2020-01-01 00:00:00';
+----+-------------+-----------------+------------+------+---------------+------+---------+------+------+----------+-------------+
| id | select_type | table           | partitions | type | possible_keys | key  | key_len | ref  | rows | filtered | Extra       |
+----+-------------+-----------------+------------+------+---------------+------+---------+------+------+----------+-------------+
|  1 | SIMPLE      | t_part_range_ts | p1         | ALL  | NULL          | NULL | NULL    | NULL |    1 |   100.00 | Using where |
+----+-------------+-----------------+------------+------+---------------+------+---------+------+------+----------+-------------+
1 row in set, 1 warning (0.00 sec)

mysql> explain select * from t_part_range_ts where created_at = '2021-01-11 00:00:00';
+----+-------------+-----------------+------------+------+---------------+------+---------+------+------+----------+-------------+
| id | select_type | table           | partitions | type | possible_keys | key  | key_len | ref  | rows | filtered | Extra       |
+----+-------------+-----------------+------------+------+---------------+------+---------+------+------+----------+-------------+
|  1 | SIMPLE      | t_part_range_ts | p2         | ALL  | NULL          | NULL | NULL    | NULL |    1 |   100.00 | Using where |
+----+-------------+-----------------+------------+------+---------------+------+---------+------+------+----------+-------------+
1 row in set, 1 warning (0.00 sec)
            
-- 如果是date或者datetime类型，可以使用 range column 的方式
mysql> create table t_part_range_ts_2
    -> (
    ->     id          int,
    ->     name        varchar(10),
    ->     created_at  datetime not null default current_timestamp
    -> )
    -> partition by range columns(created_at)
    -> (
    ->     partition p1 values less than ('2021-01-01 00:00:00'),
    ->     partition p2 values less than ('2021-02-01 00:00:00')
    -> );
Query OK, 0 rows affected (0.02 sec)
```

#### list

#### hash

#### key